num__Amount,num__Value,num__TransactionHour,num__TransactionDay,num__TransactionMonth,num__TransactionYear,cat__CurrencyCode_UGX,cat__CountryCode_256,cat__ProductCategory_airtime,cat__ProductCategory_data_bundles,cat__ProductCategory_financial_services,cat__ProductCategory_movies,cat__ProductCategory_other,cat__ProductCategory_ticket,cat__ProductCategory_transport,cat__ProductCategory_tv,cat__ProductCategory_utility_bill,cat__ChannelId_ChannelId_1,cat__ChannelId_ChannelId_2,cat__ChannelId_ChannelId_3,cat__ChannelId_ChannelId_5,cat__PricingStrategy_0,cat__PricingStrategy_1,cat__PricingStrategy_2,cat__PricingStrategy_4,FraudResult
-0.0515864076388802,-0.0774439953826409,1.349160505807108,-1.661558856948162,-0.8734700961712001,1.005122293071762,1.0,1.0,1.0,0.0,0.0,0.0,0.0,0.0,0.0,0.0,0.0,0.0,0.0,1.0,0.0,0.0,0.0,1.0,0.0,0.0
-0.0150894811289825,-0.0408900997346685,-1.53771435865598,-1.661558856948162,1.0409221996657232,-0.9949038111013272,1.0,1.0,1.0,0.0,0.0,0.0,0.0,0.0,0.0,0.0,0.0,0.0,0.0,1.0,0.0,0.0,0.0,0.0,1.0,0.0
-0.0961937622620885,-0.0408900997346685,1.555365853268757,-0.9917598318000664,1.0409221996657232,-0.9949038111013272,1.0,1.0,0.0,0.0,1.0,0.0,0.0,0.0,0.0,0.0,0.0,0.0,1.0,0.0,0.0,0.0,0.0,1.0,0.0,0.0
0.0741252281174339,0.05236294960727,-0.0942769264244358,1.0176372436442196,-1.0649093257548925,1.005122293071762,1.0,1.0,0.0,0.0,0.0,0.0,0.0,0.0,0.0,1.0,0.0,0.0,0.0,1.0,0.0,0.0,0.0,1.0,0.0,0.0
-0.0475311935822249,-0.0733824514217551,-0.7128929688093834,-0.9917598318000664,1.0409221996657232,-0.9949038111013272,1.0,1.0,1.0,0.0,0.0,0.0,0.0,0.0,0.0,0.0,0.0,0.0,0.0,1.0,0.0,0.0,0.0,1.0,0.0,0.0
